<?xml version='1.0' encoding='latin-1'?>
<annotation>
	<folder>VOC2007</folder>
	<filename>000005.jpg</filename>
	<source>
		<database>The VOC2007 Database</database>
		<annotation>PASCAL VOC2007</annotation>
		<image>flickr</image>
		<flickrid>325991873</flickrid>
	</source>
	<owner>
		<flickrid>archintent louisville</flickrid>
		<name>?</name>
	</owner>
	<size>
		<width>500</width>
		<height>375</height>
		<depth>3</depth>
	</size>
	<segmented>0</segmented>
	<object>
		<name>chair</name>
		<pose>Rear</pose>
		<truncated>0</truncated>
		<difficult>0</difficult>
		<bndbox>
			<xmin>263</xmin>
			<ymin>211</ymin>
			<xmax>324</xmax>
			<ymax>339</ymax>
		</bndbox>
	</object>
	<object>
		<name>chair</name>
		<pose>Unspecified</pose>
		<truncated>0</truncated>
		<difficult>0</difficult>
		<bndbox>
			<xmin>165</xmin>
			<ymin>264</ymin>
			<xmax>253</xmax>
			<ymax>372</ymax>
		</bndbox>
	</object>
	<object>
		<name>chair</name>
		<pose>Unspecified</pose>
		<truncated>1</truncated>
		<difficult>1</difficult>
		<bndbox>
			<xmin>5</xmin>
			<ymin>244</ymin>
			<xmax>67</xmax>
			<ymax>374</ymax>
		</bndbox>
	</object>
	<object>
		<name>chair</name>
		<pose>Unspecified</pose>
		<truncated>0</truncated>
		<difficult>0</difficult>
		<bndbox>
			<xmin>241</xmin>
			<ymin>194</ymin>
			<xmax>295</xmax>
			<ymax>299</ymax>
		</bndbox>
	</object>
	<object>
		<name>chair</name>
		<pose>Unspecified</pose>
		<truncated>1</truncated>
		<difficult>1</difficult>
		<bndbox>
			<xmin>277</xmin>
			<ymin>186</ymin>
			<xmax>312</xmax>
			<ymax>220</ymax>
		</bndbox>
	</object>
<object><name>unknown</name><pose>Unspecified</pose><truncated>2</truncated><difficult>0</difficult><bndbox><xmin>86</xmin><ymin>269</ymin><xmax>186</xmax><ymax>374</ymax></bndbox></object><object><name>unknown</name><pose>Unspecified</pose><truncated>2</truncated><difficult>0</difficult><bndbox><xmin>450</xmin><ymin>141</ymin><xmax>483</xmax><ymax>188</ymax></bndbox></object><object><name>unknown</name><pose>Unspecified</pose><truncated>2</truncated><difficult>0</difficult><bndbox><xmin>360</xmin><ymin>214</ymin><xmax>481</xmax><ymax>374</ymax></bndbox></object><object><name>unknown</name><pose>Unspecified</pose><truncated>2</truncated><difficult>0</difficult><bndbox><xmin>455</xmin><ymin>188</ymin><xmax>499</xmax><ymax>374</ymax></bndbox></object><object><name>unknown</name><pose>Unspecified</pose><truncated>2</truncated><difficult>0</difficult><bndbox><xmin>446</xmin><ymin>130</ymin><xmax>491</xmax><ymax>193</ymax></bndbox></object><object><name>unknown</name><pose>Unspecified</pose><truncated>2</truncated><difficult>0</difficult><bndbox><xmin>293</xmin><ymin>203</ymin><xmax>374</xmax><ymax>372</ymax></bndbox></object><object><name>unknown</name><pose>Unspecified</pose><truncated>2</truncated><difficult>0</difficult><bndbox><xmin>215</xmin><ymin>342</ymin><xmax>340</xmax><ymax>374</ymax></bndbox></object><object><name>unknown</name><pose>Unspecified</pose><truncated>2</truncated><difficult>0</difficult><bndbox><xmin>368</xmin><ymin>212</ymin><xmax>481</xmax><ymax>310</ymax></bndbox></object><object><name>unknown</name><pose>Unspecified</pose><truncated>2</truncated><difficult>0</difficult><bndbox><xmin>168</xmin><ymin>170</ymin><xmax>194</xmax><ymax>193</ymax></bndbox></object><object><name>unknown</name><pose>Unspecified</pose><truncated>2</truncated><difficult>0</difficult><bndbox><xmin>166</xmin><ymin>177</ymin><xmax>208</xmax><ymax>224</ymax></bndbox></object><object><name>unknown</name><pose>Unspecified</pose><truncated>2</truncated><difficult>0</difficult><bndbox><xmin>165</xmin><ymin>175</ymin><xmax>212</xmax><ymax>228</ymax></bndbox></object><object><name>unknown</name><pose>Unspecified</pose><truncated>2</truncated><difficult>0</difficult><bndbox><xmin>161</xmin><ymin>151</ymin><xmax>213</xmax><ymax>196</ymax></bndbox></object><object><name>unknown</name><pose>Unspecified</pose><truncated>2</truncated><difficult>0</difficult><bndbox><xmin>168</xmin><ymin>217</ymin><xmax>232</xmax><ymax>285</ymax></bndbox></object></annotation>