<?xml version='1.0' encoding='latin-1'?>
<annotation>
	<folder>VOC2007</folder>
	<filename>000007.jpg</filename>
	<source>
		<database>The VOC2007 Database</database>
		<annotation>PASCAL VOC2007</annotation>
		<image>flickr</image>
		<flickrid>194179466</flickrid>
	</source>
	<owner>
		<flickrid>monsieurrompu</flickrid>
		<name>Thom Zemanek</name>
	</owner>
	<size>
		<width>500</width>
		<height>333</height>
		<depth>3</depth>
	</size>
	<segmented>0</segmented>
	<object>
		<name>car</name>
		<pose>Unspecified</pose>
		<truncated>1</truncated>
		<difficult>0</difficult>
		<bndbox>
			<xmin>141</xmin>
			<ymin>50</ymin>
			<xmax>500</xmax>
			<ymax>330</ymax>
		</bndbox>
	</object>
</annotation>